Campaign,Ad group,Final URL,Headline 1,Headline 2,Headline 3,Headline 4,Headline 5,Headline 6,Headline 7,Headline 8,Headline 9,Headline 10,Headline 11,Headline 12,Headline 13,Headline 14,Headline 15,Description 1,Description 2,Description 3,Description 4
Search | Cash Home Buyer | Fresno,Fresno | Core Intent,https://www.alderheritagehomes.com/sell-my-house-fresno-ca,Sell Your Fresno House,Cash Offer In 24 Hours,Close In As Little As 3 Days,No Repairs. No Commissions.,Licensed CA Agent,"Direct Buyer, Not Wholesaler",We Buy Houses In Fresno,Proof Of Funds Available,Pick Your Closing Date,Any Condition OK,Call (559) 281-8016,Get A Fair Cash Offer,No Open Houses,No Pressure Consultation,Fresno Cash Home Buyer,"Sell your Fresno home as-is. No repairs, no showings, no commissions.",Connor Morris is a licensed CA real estate agent and direct cash buyer.,Get a written cash offer in 24 hours and close on your timeline.,Avoid wholesalers. Work directly with the buyer who can close.
Search | Cash Home Buyer | Clovis,Clovis | Core Intent,https://www.alderheritagehomes.com/sell-my-house-clovis-ca,Sell Your Clovis House,Cash Offer In 24 Hours,Close In As Little As 3 Days,No Repairs. No Commissions.,Licensed CA Agent,"Direct Buyer, Not Wholesaler",We Buy Houses In Clovis,Proof Of Funds Available,Pick Your Closing Date,Any Condition OK,Call (559) 281-8016,Get A Fair Cash Offer,No Open Houses,No Pressure Consultation,Clovis Cash Home Buyer,"Sell your Clovis home as-is. No repairs, no showings, no commissions.",Connor Morris is a licensed CA real estate agent and direct cash buyer.,Get a written cash offer in 24 hours and close on your timeline.,Avoid wholesalers. Work directly with the buyer who can close.
Search | Cash Home Buyer | Sanger,Sanger | Core Intent,https://www.alderheritagehomes.com/sell-my-house-sanger-ca,Sell Your Sanger House,Cash Offer In 24 Hours,Close In As Little As 3 Days,No Repairs. No Commissions.,Licensed CA Agent,"Direct Buyer, Not Wholesaler",We Buy Houses In Sanger,Proof Of Funds Available,Pick Your Closing Date,Any Condition OK,Call (559) 281-8016,Get A Fair Cash Offer,No Open Houses,No Pressure Consultation,Sanger Cash Home Buyer,"Sell your Sanger home as-is. No repairs, no showings, no commissions.",Connor Morris is a licensed CA real estate agent and direct cash buyer.,Get a written cash offer in 24 hours and close on your timeline.,Avoid wholesalers. Work directly with the buyer who can close.
Search | Cash Home Buyer | Selma,Selma | Core Intent,https://www.alderheritagehomes.com/sell-my-house-selma-ca,Sell Your Selma House,Cash Offer In 24 Hours,Close In As Little As 3 Days,No Repairs. No Commissions.,Licensed CA Agent,"Direct Buyer, Not Wholesaler",We Buy Houses In Selma,Proof Of Funds Available,Pick Your Closing Date,Any Condition OK,Call (559) 281-8016,Get A Fair Cash Offer,No Open Houses,No Pressure Consultation,Selma Cash Home Buyer,"Sell your Selma home as-is. No repairs, no showings, no commissions.",Connor Morris is a licensed CA real estate agent and direct cash buyer.,Get a written cash offer in 24 hours and close on your timeline.,Avoid wholesalers. Work directly with the buyer who can close.
Search | Cash Home Buyer | Reedley,Reedley | Core Intent,https://www.alderheritagehomes.com/sell-my-house-reedley-ca,Sell Your Reedley House,Cash Offer In 24 Hours,Close In As Little As 3 Days,No Repairs. No Commissions.,Licensed CA Agent,"Direct Buyer, Not Wholesaler",We Buy Houses In Reedley,Proof Of Funds Available,Pick Your Closing Date,Any Condition OK,Call (559) 281-8016,Get A Fair Cash Offer,No Open Houses,No Pressure Consultation,Reedley Cash Home Buyer,"Sell your Reedley home as-is. No repairs, no showings, no commissions.",Connor Morris is a licensed CA real estate agent and direct cash buyer.,Get a written cash offer in 24 hours and close on your timeline.,Avoid wholesalers. Work directly with the buyer who can close.
Search | Cash Home Buyer | Kingsburg,Kingsburg | Core Intent,https://www.alderheritagehomes.com/sell-my-house-kingsburg-ca,Sell Your Kingsburg House,Cash Offer In 24 Hours,Close In As Little As 3 Days,No Repairs. No Commissions.,Licensed CA Agent,"Direct Buyer, Not Wholesaler",We Buy Houses In Kingsburg,Proof Of Funds Available,Pick Your Closing Date,Any Condition OK,Call (559) 281-8016,Get A Fair Cash Offer,No Open Houses,No Pressure Consultation,Kingsburg Cash Home Buyer,"Sell your Kingsburg home as-is. No repairs, no showings, no commissions.",Connor Morris is a licensed CA real estate agent and direct cash buyer.,Get a written cash offer in 24 hours and close on your timeline.,Avoid wholesalers. Work directly with the buyer who can close.
Search | Cash Home Buyer | Visalia,Visalia | Core Intent,https://www.alderheritagehomes.com/sell-my-house-visalia-ca,Sell Your Visalia House,Cash Offer In 24 Hours,Close In As Little As 3 Days,No Repairs. No Commissions.,Licensed CA Agent,"Direct Buyer, Not Wholesaler",We Buy Houses In Visalia,Proof Of Funds Available,Pick Your Closing Date,Any Condition OK,Call (559) 281-8016,Get A Fair Cash Offer,No Open Houses,No Pressure Consultation,Visalia Cash Home Buyer,"Sell your Visalia home as-is. No repairs, no showings, no commissions.",Connor Morris is a licensed CA real estate agent and direct cash buyer.,Get a written cash offer in 24 hours and close on your timeline.,Avoid wholesalers. Work directly with the buyer who can close.
Search | Cash Home Buyer | Tulare,Tulare | Core Intent,https://www.alderheritagehomes.com/sell-my-house-tulare-ca,Sell Your Tulare House,Cash Offer In 24 Hours,Close In As Little As 3 Days,No Repairs. No Commissions.,Licensed CA Agent,"Direct Buyer, Not Wholesaler",We Buy Houses In Tulare,Proof Of Funds Available,Pick Your Closing Date,Any Condition OK,Call (559) 281-8016,Get A Fair Cash Offer,No Open Houses,No Pressure Consultation,Tulare Cash Home Buyer,"Sell your Tulare home as-is. No repairs, no showings, no commissions.",Connor Morris is a licensed CA real estate agent and direct cash buyer.,Get a written cash offer in 24 hours and close on your timeline.,Avoid wholesalers. Work directly with the buyer who can close.
Search | Cash Home Buyer | Porterville,Porterville | Core Intent,https://www.alderheritagehomes.com/sell-my-house-porterville-ca,Sell Your Porterville House,Cash Offer In 24 Hours,Close In As Little As 3 Days,No Repairs. No Commissions.,Licensed CA Agent,"Direct Buyer, Not Wholesaler",We Buy Houses In Porterville,Proof Of Funds Available,Pick Your Closing Date,Any Condition OK,Call (559) 281-8016,Get A Fair Cash Offer,No Open Houses,No Pressure Consultation,Porterville Cash Home Buyer,"Sell your Porterville home as-is. No repairs, no showings, no commissions.",Connor Morris is a licensed CA real estate agent and direct cash buyer.,Get a written cash offer in 24 hours and close on your timeline.,Avoid wholesalers. Work directly with the buyer who can close.
Search | Cash Home Buyer | Hanford,Hanford | Core Intent,https://www.alderheritagehomes.com/sell-my-house-hanford-ca,Sell Your Hanford House,Cash Offer In 24 Hours,Close In As Little As 3 Days,No Repairs. No Commissions.,Licensed CA Agent,"Direct Buyer, Not Wholesaler",We Buy Houses In Hanford,Proof Of Funds Available,Pick Your Closing Date,Any Condition OK,Call (559) 281-8016,Get A Fair Cash Offer,No Open Houses,No Pressure Consultation,Hanford Cash Home Buyer,"Sell your Hanford home as-is. No repairs, no showings, no commissions.",Connor Morris is a licensed CA real estate agent and direct cash buyer.,Get a written cash offer in 24 hours and close on your timeline.,Avoid wholesalers. Work directly with the buyer who can close.
Search | Cash Home Buyer | Lemoore,Lemoore | Core Intent,https://www.alderheritagehomes.com/sell-my-house-lemoore-ca,Sell Your Lemoore House,Cash Offer In 24 Hours,Close In As Little As 3 Days,No Repairs. No Commissions.,Licensed CA Agent,"Direct Buyer, Not Wholesaler",We Buy Houses In Lemoore,Proof Of Funds Available,Pick Your Closing Date,Any Condition OK,Call (559) 281-8016,Get A Fair Cash Offer,No Open Houses,No Pressure Consultation,Lemoore Cash Home Buyer,"Sell your Lemoore home as-is. No repairs, no showings, no commissions.",Connor Morris is a licensed CA real estate agent and direct cash buyer.,Get a written cash offer in 24 hours and close on your timeline.,Avoid wholesalers. Work directly with the buyer who can close.
Search | Cash Home Buyer | Bakersfield,Bakersfield | Core Intent,https://www.alderheritagehomes.com/sell-my-house-bakersfield-ca,Sell Your Bakersfield House,Cash Offer In 24 Hours,Close In As Little As 3 Days,No Repairs. No Commissions.,Licensed CA Agent,"Direct Buyer, Not Wholesaler",We Buy Houses In Bakersfield,Proof Of Funds Available,Pick Your Closing Date,Any Condition OK,Call (559) 281-8016,Get A Fair Cash Offer,No Open Houses,No Pressure Consultation,Bakersfield Cash Home Buyer,"Sell your Bakersfield home as-is. No repairs, no showings, no commissions.",Connor Morris is a licensed CA real estate agent and direct cash buyer.,Get a written cash offer in 24 hours and close on your timeline.,Avoid wholesalers. Work directly with the buyer who can close.
Search | Cash Home Buyer | Madera,Madera | Core Intent,https://www.alderheritagehomes.com/sell-my-house-madera-ca,Sell Your Madera House,Cash Offer In 24 Hours,Close In As Little As 3 Days,No Repairs. No Commissions.,Licensed CA Agent,"Direct Buyer, Not Wholesaler",We Buy Houses In Madera,Proof Of Funds Available,Pick Your Closing Date,Any Condition OK,Call (559) 281-8016,Get A Fair Cash Offer,No Open Houses,No Pressure Consultation,Madera Cash Home Buyer,"Sell your Madera home as-is. No repairs, no showings, no commissions.",Connor Morris is a licensed CA real estate agent and direct cash buyer.,Get a written cash offer in 24 hours and close on your timeline.,Avoid wholesalers. Work directly with the buyer who can close.
Search | Cash Home Buyer | Modesto,Modesto | Core Intent,https://www.alderheritagehomes.com/sell-my-house-modesto-ca,Sell Your Modesto House,Cash Offer In 24 Hours,Close In As Little As 3 Days,No Repairs. No Commissions.,Licensed CA Agent,"Direct Buyer, Not Wholesaler",We Buy Houses In Modesto,Proof Of Funds Available,Pick Your Closing Date,Any Condition OK,Call (559) 281-8016,Get A Fair Cash Offer,No Open Houses,No Pressure Consultation,Modesto Cash Home Buyer,"Sell your Modesto home as-is. No repairs, no showings, no commissions.",Connor Morris is a licensed CA real estate agent and direct cash buyer.,Get a written cash offer in 24 hours and close on your timeline.,Avoid wholesalers. Work directly with the buyer who can close.
Search | Cash Home Buyer | Stockton,Stockton | Core Intent,https://www.alderheritagehomes.com/sell-my-house-stockton-ca,Sell Your Stockton House,Cash Offer In 24 Hours,Close In As Little As 3 Days,No Repairs. No Commissions.,Licensed CA Agent,"Direct Buyer, Not Wholesaler",We Buy Houses In Stockton,Proof Of Funds Available,Pick Your Closing Date,Any Condition OK,Call (559) 281-8016,Get A Fair Cash Offer,No Open Houses,No Pressure Consultation,Stockton Cash Home Buyer,"Sell your Stockton home as-is. No repairs, no showings, no commissions.",Connor Morris is a licensed CA real estate agent and direct cash buyer.,Get a written cash offer in 24 hours and close on your timeline.,Avoid wholesalers. Work directly with the buyer who can close.
